{"cameraMode":{"drawMode":0,"name":"Shaded","section":"Shading Mode"},"sceneLighting":true,"audioPlay":false,"sceneViewState":{"showFog":true,"showMaterialUpdate":false,"showSkybox":true,"showFlares":true,"showImageEffects":true,"showParticleSystems":true},"in2DMode":false,"pivot":{"x":-10.005325317382813,"y":-35.22244644165039,"z":92.2188720703125},"rotation":{"x":-0.18864232301712037,"y":0.08559821546077728,"z":-0.016505803912878038,"w":-0.9781690239906311},"size":188.67486572265626,"orthographic":false}